rating,reviewer_id,date,review_title,review_body
5.0,Danielle,2025-09-27,Great product!,Great value it's a great product. I definitely recommend it and would buy it again.
5.0,Antonio,2025-09-04,healthy food,just a healthy way of cooking
5.0,Geneva,2025-09-16,,
5.0,Rebecca,2025-10-17,"Oil fine, packaging VERY THIN PLASTIC","It's just vegetable oil, not worth it to spend what name brands cost. I will say, they have managed to make the packaging SO THIN they practically need to put it in a cardboard over box like they do for restaurants. SO thin that if you are not real careful to NOT SQUEEZE all the air out when you are screwing the lid on, it will get so tight, like a vacuum in the bottle, it will be super hard to UNSCREW the lid."
3.0,Melonie,2025-08-04,Missing items,I did not receive the donuts or the earrings. I submitted a request for the earrings already. I ordered them on this order and the last order and paid for them but they did not get delivered. Please either mail them or refund my money.
3.0,anonymous,2025-01-26,Kinda crazy,Wish they could bring it back it $1
1.0,Chiann,2025-06-07,Never got it in my order,Never got this at all I'm not very happy
1.0,Dominique,2025-08-26,,My bottle was opened
1.0,anonymous,2025-01-06,Not happy,I didn't get what I ordered this is a pic of what I got
1.0,Jonaisha,2023-07-03,Use better judgment for the price of the item,Substituting vegetable oil with 3 48oz bottles was extremely a bad judgment. 2 would have been perfect for the price of 1 substitution. Not a good call on this one.
5.0,ardawd123,2025-10-28,Great Value Vegetable Oil,"I've been using great value oil for many years. I'm 48 and still here. I've heard it's bad for bodies. Possibly, but undoubtedly, what isn't bad for our bodies? I would still recommend it, and we will still use it until told otherwise not to. It doesn't give our food a bad taste. Works like it is suppose to."
5.0,Trista,2025-11-02,,Great value is a good deal. Great value is a good buy. I like to use your product so that I'm not spending any extra money usually equal to what I'm buying. i like to use your product so that I'm not spending any extra money usually equal to what I get.
5.0,Michelle,2025-10-24,Vegetable oil,Love this vegetable oil. Very good for the price I fry all my chicken fish and so on in this kind of vegetable oil. Very good for the price of the money been buying for years no complaints from me 10 out of 10 gets my chicken crispy as if bought from chicken restaurant
3.0,Patty,2025-11-09,,"The actual oil was fine. The top of the bottle was mashed down so badly that i could hardly get the lid off. Did the shopper take it off the shelf like that and just give it to me because i ordered online? Or, did the associate who loaded it sit something heavy like my case of water or other drinks on top of it? I just wish that people who work in customer service cared enough to pay attention."
2.0,Dee,2025-12-06,Make sure the agents really explain everything,I ordered a large gallon-sized jug they was out of stock so I had to settle for the bottles who bottles like this cost me more than the gallon judgment and then I only got one of them even though I was charged for two Plus when I called the customer service agent gave me a $5 off coupon promo only good online orders so anything under a certain amount who's going to cost me more than the $5 and shipping or to pick up not worth The trouble I went through then when I did try to use it but coupon promo it was no good two days later
1.0,Danette,2026-02-11,,"I HATE THIS STORE!. SINCE JAN 27TH 2026..I HAD TO CANCEL AND REOTDER RIDICULOUSLY 3 OR 4XS BCZ IF YOUR I COMPETENT EMPLOYEES AND CUSTOMER SERVICE STIRE %233262! THIS STIRE NEVER EVERCANSWERS THE PHONE I MEAN NOT A SINGLE DEPT! I ENDED UP CALLING URE 800%23 ABOUT 10XS ABOUT ALL OF MY ORDERS BCZ THEY ANSWERED THEIR PHONES. IM ON OXYGEN AND IT'S VERY CUMBERSOME TO GO TO STORE CARRY IN ITEMS LET ALONE 2 CASES OF WATER ! IF U DONT HIRE STAFF TO HELP ANSWER THE PHONES, U ARE GOING TO LOSE CUSTOMERS. IVE DECIDED TO SHOP ELSEWHERE. URE PRICES JUST KEEP GOING UP AND UP SOME PRICES HIGHER THAN OTHER GROCERY STORES!. U R ACTIALLY PRICE GOUGING CUSTOMERS AND IM GOINGVTO REPORT YOUR COMPANY. IM JUST OVER YOU PEOPLE!!!"
5.0,Abigail,2025-11-16,,"Great Value Vegetable Oil, 48 fl oz, is a kitchen essential! Light, versatile, and perfect for frying, baking, or sautéing. The large 48 fl oz bottle provides great value and lasts a long time. Reliable quality at an affordable price—highly recommend!"
5.0,Earl,2026-02-06,,This oil has the performance level of the higher end Brands and yet is at the affordable price point that as an everyday pantry Item we stock it and use it light enough to even make an Italian dressing versus olive oil that cost more so if you have to pinch a few pennies but want an oil that will go both ways this is it
5.0,Tanya,2025-11-29,value,"This is oil. Unless you use Olive or Coconut or even Lard, there is not much difference between the vegetable oils. Except price. Oil has gotten outrageous!. Walmart has the best prices on oil and pretty much everything. I must add that I use to only shop Kroger. Walmart beats all other stores on price while keeping up with Quality."
5.0,Joan,2025-12-10,,I ALWAYS BUY GV VEGETABLE OIL. I AM ON A TIGHT BUDGET SO PRICING IS IMPORTANT BUT I STILL WANT QUALITY. I CANT TELL THE DIFF FROM THE MORE EXPENSIVE BRANDS. SOMETIMES I NEED TO GET A SMALL BOTTLE AT DOLLAR GENERAL SO I BUY THE MORE EXPENSIVE BUT ONLY THEN. GREAT PRODUCT!
5.0,Earl,2026-02-06,,This oil has the performance level of the higher end Brands and yet is at the affordable price point that as an everyday pantry Item we stock it and use it light enough to even make an Italian dressing versus olive oil that cost more so if you have to pinch a few pennies but want an oil that will go both ways this is it
4.0,Michaela,2025-11-18,"Pretty good, not always interchangeable","For a vegetable oil, it's pretty good, but I personally prefer olive oil. When baking, there are several recipes that require vegetable oil. I've tried olive oil, but there is a difference in the way the two oils behave in recipes, so they are not always interchangeable."
5.0,Connie,2025-11-21,,I love to cook. And go grocery shopping. but I recently broke my foot my family have been shopping for me.I am temporarily out of work also.I am very independent. don't like to put people out of there way they work. so I decided to try it . very impressed. already recommending to others.
5.0,Tanya,2025-11-29,value,"This is oil. Unless you use Olive or Coconut or even Lard, there is not much difference between the vegetable oils. Except price. Oil has gotten outrageous!. Walmart has the best prices on oil and pretty much everything. I must add that I use to only shop Kroger. Walmart beats all other stores on price while keeping up with Quality."
1.0,Nana,2026-01-29,,"I haven't gotten this order yet. Originally it should have been here yesterday afternoon. Got notice of delay, okay fine roads are still not good in some places. Then notice of another delay, then another delay putting it after 6p.m., which it would be dark and temperatures dropping so I rescheduled it to today between 10-12. This morning they were preparing order. The order has been delayed again. It is now past 2:30p.m. If they weren't going to deliver why not say so at start. I have items on that order specifically because of the storm coming, so I really need this order. As far as I know everything is in the order, at least it was last night."
5.0,Lisa,2026-01-31,An easy affordable cooking oil,I like the brand I like the price I like that i can use this oil daily for cooking I like that the oil doesn't mess with the flavor of the food. I like the easy opening and closing of the cap and the plastic bottle it is in every thing about it makes my life easier
5.0,Dezireno,2025-12-04,,this time all was good but before that the chicken wings were bad as in spoiled and there was something else. almost all of my meat was spoiled. I am scared to order my chicken wings now. the $4.44 pack of restaurant wings $4.44 Usually a favorite but all my meat was spoiled that I order including my burgers the white castle burgers
5.0,Shannon,2026-01-15,does what it's meant to do,Basic cooking oil that works for just about anything that requires a high smoke point oil for cooking. The taste doesn't change the flavor of foods. It can also be used for greasing pans for a non-stick surface. Best used in light color pans when going in the oven.
5.0,Dena,2026-02-04,Vegetable oil for less,"Vegetable oil is of great quality. The texture and consistency taste like a brand name. An excellent option for those of us trying to cut back on ridiculous brand-name, high-priced products. Walmart is better than any other brand, in my opinion. I have used this vegetable oil for baking brownies, cookies, and a specialty vegetable dish, and all came out amazingly good. Don't bother paying more when you can get great quality for less."
5.0,David,2026-01-09,not all oil is created equal,"This vegetable oil is a solid everyday staple. It has a neutral flavor that works well for cooking, baking, and frying without affecting the taste of food. It heats evenly and performs reliably whether I am sautéing, deep frying, or using it in recipes. The bottle size is convenient and lasts a while, and the pour is easy to control without making a mess. For the price, the quality is consistent and dependable. If you want a straightforward, affordable cooking oil that does exactly what it should, this one is a great value."
5.0,Dena,2026-02-04,Vegetable oil for less,"Vegetable oil is of great quality. The texture and consistency taste like a brand name. An excellent option for those of us trying to cut back on ridiculous brand-name, high-priced products. Walmart is better than any other brand, in my opinion. I have used this vegetable oil for baking brownies, cookies, and a specialty vegetable dish, and all came out amazingly good. Don't bother paying more when you can get great quality for less."
4.0,Ryan,2025-10-03,"Great Value Vegetable Oil, 48 fl oz","This giant jug of Great Value vegetable oil is a crucial component of the college experience, specifically for deep-frying frozen chicken nuggets or attempting to make actual food for the first time. The 48 fl oz size ensures he won't have to panic-buy oil for at least a month or two, which, given his priorities, is a minor miracle. Thanks, Walmart, for providing the necessary fuel for his inevitable culinary disasters."
5.0,Sherene,2025-09-23,,"i love this very affordable product. easy to use with my cooking. The packaging is very durable and safe, and it tastes ok. it won't burn after the first use. i can reuse it at least 2 times. and i will always continue to use and buy this for my cooking for my family. thank you, great value. my families appreciate you"
1.0,Chris,2025-09-24,,"The vegetable oil is run of the mill vegetable oil. It's affordable. I'm here because Walmart cancels your delivery orders without warning and without any attempt to reschedule them. They cancelled mine AGAIN recently which means they hold your money for 10 business days too. That's right. They cancel your order and then HOLD your money. I've called my bank. I can't do anything about it because Walmart controls the transaction. So not only do we have no groceries, but the $200 an additional amount they charge you each time, will be on hold, and unavailable for ten business days. You're better off using Amazon or Doordash. Don't bother, especially if you live in Norfolk, VA and use the Tidewater Drive store. They are particularly bad about this."
5.0,arnetta,2025-10-13,Great Quality and Value — My Go-To Cooking Oil,"I've been buying the Great Value Vegetable Oil for years, and it never disappoints. It's perfect for everyday cooking—whether I'm frying, baking, or sautéing. The oil has a neutral flavor that doesn't overpower food, and it heats evenly. The 48 fl oz size is a great deal for the price and lasts a good while in my kitchen. The bottle is easy to pour and store. Overall, an affordable, reliable staple for any home cook."
1.0,Laiila,2024-01-18,,I'm 1000% sure there was suppose to be some sort of safety self on this vegetable oil … i'll definitely be discarding if this .. waste of my money .
4.0,punkypoo,2025-11-30,,when I received my delivery the bottom of the bottle was split and oil got over everything in the bag. Called and was given a refund. The product itself is great.
4.0,LMME,2026-01-14,COOKING OIL,This cooking oil is comparable to the name brand oil with the price being a little cheaper. It isn't as light as Crisco oil but since I am on a shoestring budget: I choose to save wherever I can.
5.0,Lisa,2026-02-11,,I have bought this brand of vegetable oil for many years. It is a great value for the price. It always tastes fresh. No reason to spend more when this oil is just as great as the expensive brand.
2.0,Ulrike,2025-12-10,"short, but not sweet","you getting what you paid for it. that is the only ""thing"" I can say. Such items should not be left up to the Delivery person, this item should be purchased personally."
5.0,Dayna,2025-12-08,,The plastic bottle is an issue to open for older people. The sides become soft and slip out of my hand if at all oily. The taste is good and price is great.
1.0,Michelle,2025-11-18,,I ORDERED THIS IN THE AFTERNOON AND THEY SAID IT WOULD BE HERE NO LATER THAN 10PM THAT DAY. IT'S NOW THE FOLLOWING DAY AND IT'S NOON AND I STILL HAVEN'T RECEIVED IT!! HOW CAN I REVIEW SOMETHING I NEVER GOT?
5.0,rachel,2025-11-19,Great for the price,I like this product cause it is not leave a heavy oil taste. It also doesn't have a strong smell to it and when I use it my food comes out crispy and not soggy. I love frying my fried green tomatoes in it
5.0,David,2025-11-20,Vegetable oil,Oily. Vegetably. Great value of the product received. 48 ounces in a single bottle! Fits well in the cabinet above my stove. Good for cooking with. Also good price compared to the name brands. Will likely buy again.
5.0,Marv,2025-12-12,,"I bought this because vegetable oil is terrible to cook with. It's super unhealthy and it was invented for farm machines to be lubricated, but also earwigs are attracted to these things so you can make a decent trap with vegetable oil"
1.0,Jeannette,2025-11-12,this oil acted really weird almost caused a fire,I don't know what the deal was with this last batch of oil that I bought. but it was a nightmare to cook with. it foamed up and almost caused the fire on the stove. and absolute nightmare will not buy the vegetable oil again
5.0,mommaro,2025-12-21,as its name suggests it's a great value,Light and delicious tasting and same as Crisco or other name brands without the unneccesary added cost. The only issue is that there is always oil leaking down the cap after you use it. I cannot sewm to prevent it.
1.0,Tranquilus,2025-10-18,Great Value Vegetable Oil review.,This oil contributes to rectal bleeding and may cause the same type of bleeding by itself when consumed in small amounts such two spoons on a daily basis.
4.0,wanda,2025-10-30,,I only use this for my deep fried! It's actually better for you than pan frying if you do it right! Seal whatever you're frying with buttermilk and flour! It doesn't soak near as much oil! Try it!
5.0,Anita,2025-11-05,,"I like vegetable oil the best unless I am making Italian food then I use olive oil. i use the Great Value brand always, I think it is better than the other brand. %26 I think I have tried them all."
5.0,Mary,2025-12-28,,But this sounds I do not go any place other than Walmart to shop. I love the quality and the staffing. It's just a great place to be able to find everything . we need for that going store to store. Thank you Walmart.
5.0,Tanya,2026-01-01,,"Great Value vegetable oil is great to use for your cooking and baking needs, with things being so pricey lately, it's nice to have more cost effective options with the same quality as other brands."
3.0,Debbi,2026-01-02,Watch your fat content but a good oil,I would not recommend if you'll Diabetic better because I do not use this all the time. You have to watch your oli or saturated fat. But the oil is okay if you need something quick to fix a fry.
5.0,patrick,2026-01-05,,I am handicapped and unable to drive to Walmart for my groceries and other needs. Walmart is the one and only place I would shop for any and all my personal needs in life. Thank you Walmart and each and everyone of your employees.
5.0,Lakea,2025-12-02,,"The only oil I buy these days I use this in the deep fryer, straight in the skillet, and in recipes. Out of the 5 grocery stores in my area, Walmart continues to be the most affordable."
5.0,Jo,2025-12-02,Good for the price!,I always buy this oil. I use it for baking and for frying. Works the same as the name brand to me. I know it's not the healthiest option but probably the cheapest!
4.0,punkypoo,2025-11-30,,when I received my delivery the bottom of the bottle was split and oil got over everything in the bag. Called and was given a refund. The product itself is great.
2.0,Ulrike,2025-12-10,"short, but not sweet","you getting what you paid for it. that is the only ""thing"" I can say. Such items should not be left up to the Delivery person, this item should be purchased personally."
5.0,Marv,2025-12-12,,"I bought this because vegetable oil is terrible to cook with. It's super unhealthy and it was invented for farm machines to be lubricated, but also earwigs are attracted to these things so you can make a decent trap with vegetable oil"
1.0,Michelle,2025-11-18,,I ORDERED THIS IN THE AFTERNOON AND THEY SAID IT WOULD BE HERE NO LATER THAN 10PM THAT DAY. IT'S NOW THE FOLLOWING DAY AND IT'S NOON AND I STILL HAVEN'T RECEIVED IT!! HOW CAN I REVIEW SOMETHING I NEVER GOT?
5.0,Dayna,2025-12-08,,The plastic bottle is an issue to open for older people. The sides become soft and slip out of my hand if at all oily. The taste is good and price is great.
2.0,Ulrike,2025-12-10,"short, but not sweet","you getting what you paid for it. that is the only ""thing"" I can say. Such items should not be left up to the Delivery person, this item should be purchased personally."
5.0,Lakea,2025-12-02,,"The only oil I buy these days I use this in the deep fryer, straight in the skillet, and in recipes. Out of the 5 grocery stores in my area, Walmart continues to be the most affordable."
4.0,punkypoo,2025-11-30,,when I received my delivery the bottom of the bottle was split and oil got over everything in the bag. Called and was given a refund. The product itself is great.
5.0,Jo,2025-12-02,Good for the price!,I always buy this oil. I use it for baking and for frying. Works the same as the name brand to me. I know it's not the healthiest option but probably the cheapest!
5.0,patrick,2026-01-05,,I am handicapped and unable to drive to Walmart for my groceries and other needs. Walmart is the one and only place I would shop for any and all my personal needs in life. Thank you Walmart and each and everyone of your employees.
1.0,Helen,2026-01-12,Unorded item.,I did not order this item (oil) I tried to look at my order to review but cannot bring it up. How can I return this item? I do not use this item. I use Crisco. I am willing to wait for my next order to get credit.
4.0,LMME,2026-01-14,COOKING OIL,This cooking oil is comparable to the name brand oil with the price being a little cheaper. It isn't as light as Crisco oil but since I am on a shoestring budget: I choose to save wherever I can.
5.0,Dana,2026-02-09,Very good product,"Great Value basic baking and pantry staples are very good quality, more affordable and a great way to keep items needed for baking, cooking and meals always on hand. The quality is consistent make me a loyal purchaser."
5.0,Lori,2025-10-21,Great oil at a great price,I use Great Value Vegetable Oil for all my baking and frying. I see no difference in quality or taste from the more expensive name brands. I think the price makes it the best option for vegetable oil.
5.0,Dana,2026-02-09,Very good product,"Great Value basic baking and pantry staples are very good quality, more affordable and a great way to keep items needed for baking, cooking and meals always on hand. The quality is consistent make me a loyal purchaser."
5.0,Lori,2025-10-21,Great oil at a great price,I use Great Value Vegetable Oil for all my baking and frying. I see no difference in quality or taste from the more expensive name brands. I think the price makes it the best option for vegetable oil.
5.0,Ruby,2026-02-09,Great Value vegetable oil,"Great Value cooking oil is great for frying or baking. It has a very light taste. Serves the same purpose as the expensive brands, but for a lower price."
5.0,anonymous,2026-01-18,Vegetable Cooking Oil,"It's Vegetable Cooking Oil. Not much else to say, it works as advertised. Light cooking oil in my opinion doesn't give food an off flavor kinda just does its thing like it should."
5.0,Jennifer,2026-02-05,Good Stuff!,"Good quality oil in a size that works for me. I use quite a bit of oil for baking, this oil is great to have on hand and I am very pleased with it. Highly recommend!"
5.0,Shellabzy,2026-02-05,Good affordable cooking oil,I used to buy another cornnoul brand but they kept raising the price. Then I gave Walmart's Great Value oil a try and I never looked back. Great cooking oil for a fraction of the usual price.
5.0,Don,2026-02-06,,"This oil is super light and doesn't leave an after taste. It's good to use when frying, when making salad dressings and for any thing you use vegetable oil in. Great price too."
5.0,Anonymous,2026-01-24,"Good for many recipes, recommended",I have used this vegetable oil to fry my meat and also to cook some very good and tasty cakes. I highly suggest this product since it is cheap but really valuable and good quality
5.0,Susan,2026-01-27,Very good oil for the price. Better than Crisco,I used this oil to make doughnuts!! The turned out great!! There was no residual oil taste which is awesome! I would recommend this oil!! I think better than Crisco
5.0,Lisa,2026-02-11,,I have bought this brand of vegetable oil for many years. It is a great value for the price. It always tastes fresh. No reason to spend more when this oil is just as great as the expensive brand.
4.0,Mark,2026-02-24,Drip catch rim top.,I found the product itself as useful for many of my cooking needs. The small critique I have has to do with poring. It would be nice if a drip rim was added.
5.0,Barbara,2025-10-31,Good cooking oil,"The Great Value Cooking Oil is delicious in my recipes that requires deep frying. It doesn't affect the tastes of your food. It's wonderful for frying chicken, pork chops, or sea food. The price and value is good."
4.0,Luciana,2025-07-31,Versatile for every day use,"If you're looking for a highly affordable, neutral‑flavored cooking oil for everyday frying and baking, Great Value Vegetable Oil 48 fl oz is a solid pick. It performs reliably and offers excellent bang for your buck. However, if you're seeking a healthier—or more flavor‑sensitive—option, consider swapping in avocado or olive oil for cold uses or canola/sunflower for a lighter nutritional profile."
5.0,Paul,2025-07-31,,"Great Value brand cooking/salad oil is my go to brand when I need a good vegetable oil. It's very economical.And the quality is excellent! I've shopped around a lot and you're going to have a very, very, difficult time trying to beat Walmart prices. Plus,this oil is soybean oil and I definitely don't have a problem with soybeans.Thank You Walmart!"
5.0,Nekondeh,2025-08-01,Give Justin a raise! ASAP,Justin is so wonderful and customer service driven. He is timely and efficient. And I've been using pickup since it first began 6 years ago. The pickup people are generally wonderful. You all need to figure out how to keep good employees. But Justin is the best.
5.0,Rachel,2025-08-23,Name brand does not make anything better!,I used to only buy name brand products but recently with groceries being overpriced I've been buying more store brand. I have come to the conclusion that buying a certain name doesn't make it better. Great value veg oil is just as good as the others with a lower price.
5.0,Verna,2025-08-22,,"I don't want to review each item or individual thing that I buy but overall, I have been completely satisfied with everything that I have purchased and had delivered, and I have been completely satisfied with those that delivered it and I will be ordering and having things delivered once again Thank you very very much Mrs. Sanders"
1.0,Roseann,2025-09-07,,I was disappointed because I order alot on the website with my food and it seems something is always a missing item . Yes things happened and I understand that but when I did my food order on. September 7th and needed the vegetable to use that day and was upset that I didn't have the product in my order when that's why I didn't my order and end up couldn't do nothing .I don't have transportation to go get some a t a different store otherwise I would do so.
4.0,Judy,2025-07-31,Out of date bread.,"The bread that they sent me had a best buy date of July 30 and yesterday was the 31st when I picked it up. I think when they are picking loaves of bread and even milk, they should look at the Best Buy date and pick the furthest out date. I've never had any problems with the milk, but I did with the bread yesterday so it's probably not gonna last very long before it goes bad."
5.0,Tim,2025-08-10,this oil is for all just try it,"As a Grandfather of 15 grandkids it takes a lot of cooking oil and I think this oil is the best buy for my money I needed less in my cooking pans and when add to any mix .it dose very well mixing with any kind of cake mix of food ,cook fryers in a pot or dept fryer ,it has no bad taste .as a price well it the lowest price of the others i tried ,i use it in all cooking even my hands ay the end of the day .thank you for ask what I thought about this product . Tim M Caudill"
4.0,Sandra,2024-01-24,Cooking oil,Not my favorite oil but fries fish well
1.0,Magdalah,2024-04-06,thats misarablae,next time give me exactly what i want
1.0,Carmon,2023-04-02,,Vegetable oil was open and leaking.
3.0,Lupe,2024-11-02,Missing order,"I ordered 2 bottls of GV vegetable ou,but i recieved only one they charged to my cc for 2 bottles"
5.0,Walmart customer,2024-05-07,Is Oil...Oil,Is oil... oil May fry the same and bake the same so why buy more expensive oil?
1.0,K,2023-09-21,Vegetable oil,Looked like the vegetable oil was dropped
5.0,Linda,2025-10-14,,"Always fresh and last for days always fresh and last for days I like to freeze it and when defrosted it's just as flavorful as when it's first bought i like to freeze it and when defrost it, it's just as flavorful as when it's first bought"
4.0,Bhargavi,2025-09-27,,there should be a flexible cap. whenever i use the oil it is leaking and drops are coming from top to bottom of the bottle. the bottle is becoming muddy and sticky. please take this issue seriously
5.0,Molly,2025-09-30,,I always buy this oil. I started because of the price and have continued because it just does what it should. There is no oily flavor (unless I want there to be) and my food comes out just right every time.
5.0,CD,2025-09-17,Quality and Price is Great !,"The quality and the price is great ! My fried chicken , fries always comes out crunchy on the outside and tender in the inside. Best buy when you're watching your dollars ."
5.0,Melba,2025-05-28,,I buy great value products a lot because they're budget friendly and they are are as good as the name brand this vegetable oil taste no different than the name brand it makes my food taste good and I use it all the time. I highly recommend recommended.
5.0,Thomas,2025-07-11,Nothing tastes better than cooking oil in it!,Only a very slight difference in taste from the premium King of Oil and Cooking and Such...Calvin Crisco!!! The value is thru the roof as this bottle adds a cup and a half for free and is priced $2 below the King. You should not be surprised! You have been advised!
1.0,Gregory,2025-05-20,Bottle is way too thin and flimsy,"The oil is fine but the bottle is flimsy. There is nothing more aggravating than grabbing a bottle of liquid and having the bottle so flimsy the liquid squirts out of the top and makes a huge mess. That is the last thing you need when you are trying to cook. I would have been better off with a bag of oil instead of that thin, flimsy, collapsing bottle. At least that way I would be expecting it to collapse at the slightest touch."
5.0,Ella,2022-07-08,Really good oil,"Really good oil. I am switching to Great value brand. I am buying more and more items of the GV brand. It is not just a price (sometimes price is the same), the quality is always top notch. Their Italian sausages are better than a Premio. I pay more for GV sausages anytime."
5.0,Naomi,2025-05-26,It is vegetable oil,"It's vegetable oil. What more can you say? It's great on vegetables. It was perfect for the cakes that it was gotten for. I don't think it will work for my car which is good because I didn't get it for my car. 😉 On another note vegetable oil can be used for a lot of things. Adding some to water for pasta, putting on rising dough, or on your hands when kneading dough, or putting on meat of any kind to help hold the spices on. A little oil in the pan will also help keep it from sticking and crisping up meat at the same time. As vegetable oil goes, this one works."
2.0,Minerva,2025-05-23,Bad experience with the delivery person!!!,"We are hesitant to place an order with you again, last time we ordered we had a very bad experience with the delivery person or persons never delivery my steaks that I was waiting to cook that night!!! I don't think what happened but you have to vet your employee better, the person that came over didn't even looked a my face and looks suspicious and his wife the same. We live in a 55 community and they required us to make sure the people entering this place are legitimate. I am not saying they were not but I never had that issue before with you, Costco and Instacart, I had a recent delivery through Instacart and I had a very good experience with them!! It is an inconvenience as a Senior Citizen to have to call to get a credit on my order and wait few days to check my Bank, etc!!! Ironically every thing else came ok but the meat!!! and also I am concerned that these people you sent to delivery had access to my driver license because the order contained Wine. I had a very bad experience and I definitely shared with my friends and neighbors in my community!!! Those are my honest comments..."
5.0,mrblueu,2014-11-05,Bottle Design Fail,"I would still recommend the product but the newly design bottles are a big fail, to me. The thin plastic smashes, mashes, and dents inward very easily. I have ordered a couple of these and altho mashed and dented, fortunately there was no spillage. Same goes for the gallon size.....bottle design fail, very mashed and dented and I am not even sure how I am going to pour it out since the top is all squished inward. The product itself within the bottle is very good for vegetable oil. It's just their new bottle design leaves much to be desired."
5.0,Neil,2025-05-30,Ideal cooking oil.,"GV cooking oil diesn't add any 'extra' flavor to whatever you cook, so is ideal for finicky palates. I use it for all my neesd for adding an oil coating to a skillet, or added to a mix calling for oil. It also has a fairly high temperature tolerance, doesn't smoke, discolor in skillets, pans. Highly recommend."
5.0,Pamela,2026-01-02,,I don't use a lot of oil when I cook but I can also reuse the oil without a bad taste or it tasting burnt
5.0,Doris,2026-01-06,Great,Can't afford olive oil. And one never knows if it's really olive oil. So with prices the way they are I buy this.
4.0,john,2026-02-15,,"make the lids easier to open for us people with arthritis in our hands, or just everybody in general that has trouble with small lids."
4.0,Patrick,2026-02-14,,One of my products wasn't delivered and I did the refund process. Now how can I confirmed all that was completed?
5.0,Donna,2026-02-14,Great Oil At A Good Value,This oil is just as good as any other to me. I won't buy a more expensive one when it cooks and tastes the same to me.
5.0,Sandy,2026-02-19,Must have for all baking needs.,"Been using for bread making, cake baking and cookies, no complaints, everything has a good blance of moisture."
4.0,Meg123,2026-01-26,Serves its purpose,"Dont love inflammatory oils, but I got this to make playdoh with my kids during the recent snowstorm"
5.0,Tabitha,2025-12-12,Best fryer oil,"The price is great, the oil cools appetizers, sides, and don't forget your fried chicken and fried pork chops. This cooking oil is good for baking."
4.0,Esther,2025-12-25,,this cooking oil is a product that you can store. its a neutral flavor so i use it for baking and frying.
5.0,Cliff,2025-12-20,,"It's oil. Works perfectly in baking, cooking and why spend more when this works and taste perfectly. Highly recommend"
5.0,Joannaisha,2025-12-25,Walmart brand is excellent,"I purchase this oil for my own use, I find it works perfect for my needs, no reason to pay extra for name brands"
5.0,Rebecca,2025-12-29,Great Value as good as Name Brands.,I use this a lot in baking poppyseed bread! Everyone loves the bread. It is great vegetable oil - as good as Name Brands.
1.0,SuckIt,2025-11-12,,didn't get and didn't get a refund for it. Walmart had the worst work ethic and customer service. liars and thieves. SHOP KROGERS!!!
5.0,Narendra,2025-11-14,,LI would highly recommend the customers as it's Edible and good for health. No such irritating strong smell.
5.0,Jewel,2025-11-14,,Definitely another win for the ongoing increase in prices! Performance and flavor are definitely on point.... thank you!
5.0,DELORES,2025-11-16,,i was getting the big bottle of cooking oils then I decided to go with the small bottle of oil for less space in my cabinet
5.0,Ellen,2025-11-15,Good,"This oil is my go-to for versatility and flavor. I use it for baking, frying, and on the griddle, too."
5.0,Pumpkin,2025-12-09,,"I did not buy this to use in cooking. I bought it for the price and oil amount. I needed it for extremely dry hands, and it works beautifully."
5.0,Carol,2025-12-09,,Oils can be expensive and Great Value vegetable oil fits my budget. I don't need a more expensive oil for cooking.
5.0,janice,2025-12-09,,"the taste to the vegetable oil does not overpower the food you are cooking in it, which is a good thing. good i got it"
4.0,Michelle,2025-12-07,Good Quality for Everyday Cooking,"Heats evenly, tastes neutral, and works well for everything from frying to baking. For the price, it's a solid pantry staple I keep coming back to."
4.0,Jessica,2025-12-07,,I would only recommend it if you have to I'm really trying to stay away from vegetable oils but I mean this one's good if you need to use it
3.0,mark,2026-02-03,,Why pay the high price for the same thing in the same bottle probably package by the same company for all the different labels.
5.0,Hester,2025-11-22,,I trust Walmart Great Value label to present me with good quality food products at a lower price and they do deliver.
5.0,Betty,2025-11-23,,"I buy this because of the price and I don't have any complaints , it's just as good as the pricier brand name ."
5.0,K,2025-12-17,Let's cook!!,I have been using this cooking for years! It does make the food taste like oil and it a great size for the price!
5.0,Cliff,2025-12-20,,"It's oil. Works perfectly in baking, cooking and why spend more when this works and taste perfectly. Highly recommend"
5.0,Joannaisha,2025-12-25,Walmart brand is excellent,"I purchase this oil for my own use, I find it works perfect for my needs, no reason to pay extra for name brands"
4.0,Esther,2025-12-25,,this cooking oil is a product that you can store. its a neutral flavor so i use it for baking and frying.
5.0,David,2025-12-28,,It's a great go to oil for all your needs. I especially like it with potatoes and caramelized onions.
5.0,Rebecca,2025-12-29,Great Value as good as Name Brands.,I use this a lot in baking poppyseed bread! Everyone loves the bread. It is great vegetable oil - as good as Name Brands.
5.0,Michael,2025-12-14,good price %26 good quality product,"It's oil.., just as good as the other name brands of vegetable oil, you can fry stuff in it and cook or bake with it"
4.0,RedBne,2026-01-11,Low price %26 satisfaction,"Lower price for the same great crunchy, juicy foods. Will always get this brand over higher priced name brands!!"
5.0,Doris,2026-01-06,Great,Can't afford olive oil. And one never knows if it's really olive oil. So with prices the way they are I buy this.
5.0,Caitlin,2026-01-07,Great Product,Good product. I used it to make Latkes over the holidays and they tasted great. Will buy this again.
5.0,Anna,2026-01-07,Love food mainly chicken,"Love oil try to keep too much oil in your system, though but child lovely teens and try to have nice jeans, but I try to cut down the oil and bake"
5.0,Catherine,2026-01-06,,This works fine for me. I have had to cut my grocery cost and this was one way I did it.. I can not tell any difference it the taste.
5.0,Debbie,2026-01-08,Healthy eggs,These eggs are good I usually like the 24 eggs in a pack but when not available I settle for the 12 pack! Very good value!
5.0,Edilsa,2026-02-09,,This is the only oil i use for frying because it doesn't leave an oily taste. I started using it for baking also and it works great.
5.0,Dolores,2026-02-07,,It's very good tasting like flavor wise isn't too rich and the price is so good always my go too I recommend 100%
5.0,AuntieFaith,2026-02-10,Just as good as the name brands.,I use Great value oil in my baking and for the fewtimes I fry something. This oil is light and doesn't over power the taste of my food.
4.0,Meg123,2026-01-26,Serves its purpose,"Dont love inflammatory oils, but I got this to make playdoh with my kids during the recent snowstorm"
